Workbook

Sheet TREND TABLE
E1: AUDJPY | F1: EURGBP | G1: USDCHF | H1: EURAUD | I1: XAUUSD | J1: NASDAQ | K1: US30
A3: Weekly Bias | E3: =IF(AND(C8="BEARISH",C9="BEARISH"),"CONSOLIDATION",IF(AND(C8="BEARISH",C9="BULLISH"),"DOWNTREND",IF(AND(C8="BULLISH",C9="BEARISH"),"UPTREND",IF(AND(C8="BULLISH",C9="BULLISH"),"CONSOLIDATION")))) -> DOWNTREND | F3: =IF(AND(C7="BEARISH",C11="BEARISH"),"CONSOLIDATION",IF(AND(C7="BEARISH",C11="BULLISH"),"DOWNTREND",IF(AND(C7="BULLISH",C11="BEARISH"),"UPTREND",IF(AND(C7="BULLISH",C11="BULLISH"),"CONSOLIDATION")))) -> UPTREND | G3: =IF(AND(C4="BEARISH",C10="BEARISH"),"CONSOLIDATION",IF(AND(C4="BEARISH",C10="BULLISH"),"DOWNTREND",IF(AND(C4="BULLISH",C10="BEARISH"),"UPTREND",IF(AND(C4="BULLISH",C10="BULLISH"),"CONSOLIDATION")))) -> CONSOLIDATION | H3: =IF(AND(C7="BEARISH",C8="BEARISH"),"CONSOLIDATION",IF(AND(C7="BEARISH",C8="BULLISH"),"DOWNTREND",IF(AND(C7="BULLISH",C8="BEARISH"),"UPTREND",IF(AND(C7="BULLISH",C8="BULLISH"),"CONSOLIDATION")))) -> UPTREND | I3: =IF(AND(C6="BEARISH",C4="BEARISH"),"CONSOLIDATION",IF(AND(C6="BEARISH",C4="BULLISH"),"DOWNTREND",IF(AND(C6="BULLISH",C4="BEARISH"),"UPTREND",IF(AND(C6="BULLISH",C4="BULLISH"),"CONSOLIDATION")))) -> CONSOLIDATION | J3: =IF(C5="BEARISH","DOWNTREND","UPTREND") -> UPTREND | K3: =IF(C12="BEARISH","DOWNTREND","UPTREND") -> DOWNTREND
B4: USD | C4: =USD!K3 -> BULLISH
B5: NASDAQ | C5: =NASDAQ!K3 -> BULLISH
B6: GOLD | C6: =GOLD!K3 -> BULLISH
B7: EURO | C7: =EUR!K3 -> BULLISH
B8: AUD | C8: =AUD!K3 -> BEARISH
B9: JPY | C9: =JPY!K3 -> BULLISH
B10: CHF | C10: =CHF!K3 -> BULLISH
B11: GBP | C11: =GBP!K3 -> BEARISH
B12: US 30 | C12: ='US30'!K3 -> BEARISH

Sheet NASDAQ
D1: Date | E1: % Net Change | F1: Speculators Gross Longs | G1: Speculators Gross Shorts | H1: % Longs | I1: % Shorts | J1: Net Position | K1: Weekly Bias
D3: 45895 | E3: =H3-H11 -> 0.021307078 | F3: 89500 | G3: 53418 | H3: =F3/(F3+G3) -> 0.62623322 | I3: =G3/(G3+F3) -> 0.37376678 | J3: =F3-G3 -> 36082 | K3: =IF(H3>H4, "BULLISH","BEARISH") -> BULLISH
D4: 45888 | E4: =H4-H12 -> 0.059331868 | F4: 87625 | G4: 53780 | H4: =F4/(F4+G4) -> 0.61967399 | I4: =G4/(G4+F4) -> 0.38032601 | J4: =F4-G4 -> 33845 | K4: =IF(H4>H5, "BULLISH","BEARISH") -> BEARISH
D5: 45881 | E5: =H5-H12 -> 0.077465827 | F5: 97915 | G5: 55603 | H5: =F5/(F5+G5) -> 0.63780794 | I5: =G5/(G5+F5) -> 0.36219206 | J5: =F5-G5 -> 42312 | K5: =IF(H5>H6, "BULLISH","BEARISH") -> BULLISH
D6: 45874 | E6: =H6-H12 -> 0.06113764 | F6: 86551 | G6: 52715 | H6: =F6/(F6+G6) -> 0.62147976 | I6: =G6/(G6+F6) -> 0.37852024 | J6: =F6-G6 -> 33836 | K6: =IF(H6>H7, "BULLISH","BEARISH") -> BEARISH
D7: 45867 | E7: =H7-H12 -> 0.069053881 | F7: 85010 | G7: 50056 | H7: =F7/(F7+G7) -> 0.629396 | I7: =G7/(G7+F7) -> 0.370604 | J7: =F7-G7 -> 34954 | K7: =IF(H7>H8, "BULLISH","BEARISH") -> BULLISH
D8: 45860 | E8: =H8-H12 -> 0.065458259 | F8: 76429 | G8: 45701 | H8: =F8/(F8+G8) -> 0.62580038 | I8: =G8/(G8+F8) -> 0.37419962 | J8: =F8-G8 -> 30728 | K8: =IF(H8>H9, "BULLISH","BEARISH") -> BEARISH
D9: 45853 | E9: =H9-H12 -> 0.067092105 | F9: 85897 | G9: 51005 | H9: =F9/(F9+G9) -> 0.62743422 | I9: =G9/(G9+F9) -> 0.37256578 | J9: =F9-G9 -> 34892 | K9: =IF(H9>H10, "BULLISH","BEARISH") -> BULLISH
D10: 45846 | E10: =H10-H12 -> 0.057986249 | F10: 81547 | G10: 50336 | H10: =F10/(F10+G10) -> 0.61832837 | I10: =G10/(G10+F10) -> 0.38167163 | J10: =F10-G10 -> 31211 | K10: =IF(H10>H11, "BULLISH","BEARISH") -> BULLISH
D11: 45839 | E11: =H11-H12 -> 0.044584029 | F11: 78223 | G11: 51087 | H11: =F11/(F11+G11) -> 0.60492615 | I11: =G11/(G11+F11) -> 0.39507385 | J11: =F11-G11 -> 27136 | K11: =IF(H11>H12, "BULLISH","BEARISH") -> BULLISH
D12: 45832 | E12: =H12-H13 -> 0.0082524229 | F12: 76652 | G12: 60143 | H12: =F12/(F12+G12) -> 0.56034212 | I12: =G12/(G12+F12) -> 0.43965788 | J12: =F12-G12 -> 16509 | K12: =IF(H12>H13, "BULLISH","BEARISH") -> BULLISH
D13: 45825 | E13: =H13-H14 -> -0.0068670628 | F13: 83169 | G13: 67475 | H13: =F13/(F13+G13) -> 0.55208969 | I13: =G13/(G13+F13) -> 0.44791031 | J13: =F13-G13 -> 15694 | K13: =IF(H13>H14, "BULLISH","BEARISH") -> BEARISH
D14: 45818 | E14: =H14-H15 -> 0.010350985 | F14: 84033 | G14: 66306 | H14: =F14/(F14+G14) -> 0.55895676 | I14: =G14/(G14+F14) -> 0.44104324 | J14: =F14-G14 -> 17727 | K14: =IF(H14>H15, "BULLISH","BEARISH") -> BULLISH
D15: 45811 | E15: =H15-H16 -> -0.0070470828 | F15: 82789 | G15: 68119 | H15: =F15/(F15+G15) -> 0.54860577 | I15: =G15/(G15+F15) -> 0.45139423 | J15: =F15-G15 -> 14670 | K15: =IF(H15>H16, "BULLISH","BEARISH") -> BEARISH
D16: 45804 | E16: =H16-H17 -> 0.0074585662 | F16: 85026 | G16: 67994 | H16: =F16/(F16+G16) -> 0.55565286 | I16: =G16/(G16+F16) -> 0.44434714 | J16: =F16-G16 -> 17032 | K16: =IF(H16>H17, "BULLISH","BEARISH") -> BULLISH
D17: 45797 | E17: =H17-H18 -> -0.016150348 | F17: 82637 | G17: 68107 | H17: =F17/(F17+G17) -> 0.54819429 | I17: =G17/(G17+F17) -> 0.45180571 | J17: =F17-G17 -> 14530 | K17: =IF(H17>H18, "BULLISH","BEARISH") -> BEARISH
D18: 45790 | E18: =H18-H19 -> -0.055242504 | F18: 85720 | G18: 66173 | H18: =F18/(F18+G18) -> 0.56434464 | I18: =G18/(G18+F18) -> 0.43565536 | J18: =F18-G18 -> 19547 | K18: =IF(H18>H19, "BULLISH","BEARISH") -> BEARISH
D19: 45783 | E19: =H19-H20 -> -0.0056797254 | F19: 85091 | G19: 52244 | H19: =F19/(F19+G19) -> 0.61958714 | I19: =G19/(G19+F19) -> 0.38041286 | J19: =F19-G19 -> 32847 | K19: =IF(H19>H20, "BULLISH","BEARISH") -> BEARISH
D20: 45776 | E20: =H20-H21 -> -0.037644086 | F20: 77026 | G20: 46163 | H20: =F20/(F20+G20) -> 0.62526687 | I20: =G20/(G20+F20) -> 0.37473313 | J20: =F20-G20 -> 30863 | K20: =IF(H20>H21, "BULLISH","BEARISH") -> BEARISH
D21: 45769 | E21: =H21-H22 -> 0.02264413 | F21: 76663 | G21: 38983 | H21: =F21/(F21+G21) -> 0.66291095 | I21: =G21/(G21+F21) -> 0.33708905 | J21: =F21-G21 -> 37680 | K21: =IF(H21>H22, "BULLISH","BEARISH") -> BULLISH
D22: 45762 | E22: =H22-H23 -> 0.041512243 | F22: 72564 | G22: 40770 | H22: =F22/(F22+G22) -> 0.64026682 | I22: =G22/(G22+F22) -> 0.35973318 | J22: =F22-G22 -> 31794 | K22: =IF(H22>H23, "BULLISH","BEARISH") -> BULLISH
... D509: 42353 | E509: =H509-H510 -> 0.72974507 | F509: 97699 | G509: 36182 | H509: =F509/(F509+G509) -> 0.72974507 | I509: =G509/(G509+F509) -> 0.27025493 | J509: =F509-G509 -> 61517 | K509: =IF(H509>H510, "BULLISH","BEARISH") -> BULLISH

Sheet US30
D1: Date | E1: % Net Change | F1: Speculators Gross Longs | G1: Speculators Gross Shorts | H1: % Longs | I1: % Shorts | J1: Net Position | K1: Weekly Bias
D3: 45895 | E3: =H3-H11 -> -0.17001468 | F3: 10601 | G3: 13204 | H3: =F3/(F3+G3) -> 0.44532661 | I3: =G3/(G3+F3) -> 0.55467339 | J3: =F3-G3 -> -2603 | K3: =IF(H3>H4, "BULLISH","BEARISH") -> BEARISH
D4: 45888 | E4: =H4-H12 -> -0.18862821 | F4: 12445 | G4: 15386 | H4: =F4/(F4+G4) -> 0.44716324 | I4: =G4/(G4+F4) -> 0.55283676 | J4: =F4-G4 -> -2941 | K4: =IF(H4>H5, "BULLISH","BEARISH") -> BEARISH
D5: 45881 | E5: =H5-H12 -> -0.18698961 | F5: 10975 | G5: 13479 | H5: =F5/(F5+G5) -> 0.44880183 | I5: =G5/(G5+F5) -> 0.55119817 | J5: =F5-G5 -> -2504 | K5: =IF(H5>H6, "BULLISH","BEARISH") -> BULLISH
D6: 45874 | E6: =H6-H12 -> -0.21924913 | F6: 9770 | G6: 13685 | H6: =F6/(F6+G6) -> 0.41654232 | I6: =G6/(G6+F6) -> 0.58345768 | J6: =F6-G6 -> -3915 | K6: =IF(H6>H7, "BULLISH","BEARISH") -> BEARISH
D7: 45867 | E7: =H7-H12 -> -0.19067199 | F7: 11943 | G7: 14888 | H7: =F7/(F7+G7) -> 0.44511945 | I7: =G7/(G7+F7) -> 0.55488055 | J7: =F7-G7 -> -2945 | K7: =IF(H7>H8, "BULLISH","BEARISH") -> BEARISH
D8: 45860 | E8: =H8-H12 -> -0.12443552 | F8: 13554 | G8: 12952 | H8: =F8/(F8+G8) -> 0.51135592 | I8: =G8/(G8+F8) -> 0.48864408 | J8: =F8-G8 -> 602 | K8: =IF(H8>H9, "BULLISH","BEARISH") -> BEARISH
D9: 45853 | E9: =H9-H12 -> -0.071713069 | F9: 15546 | G9: 12014 | H9: =F9/(F9+G9) -> 0.56407837 | I9: =G9/(G9+F9) -> 0.43592163 | J9: =F9-G9 -> 3532 | K9: =IF(H9>H10, "BULLISH","BEARISH") -> BEARISH
D10: 45846 | E10: =H10-H12 -> -0.053012789 | F10: 15147 | G10: 10844 | H10: =F10/(F10+G10) -> 0.58277865 | I10: =G10/(G10+F10) -> 0.41722135 | J10: =F10-G10 -> 4303 | K10: =IF(H10>H11, "BULLISH","BEARISH") -> BEARISH
D11: 45839 | E11: =H11-H12 -> -0.02045015 | F11: 16389 | G11: 10245 | H11: =F11/(F11+G11) -> 0.61534129 | I11: =G11/(G11+F11) -> 0.38465871 | J11: =F11-G11 -> 6144 | K11: =IF(H11>H12, "BULLISH","BEARISH") -> BEARISH
D12: 45832 | E12: =H12-H13 -> -0.05587808 | F12: 14950 | G12: 8564 | H12: =F12/(F12+G12) -> 0.63579144 | I12: =G12/(G12+F12) -> 0.36420856 | J12: =F12-G12 -> 6386 | K12: =IF(H12>H13, "BULLISH","BEARISH") -> BEARISH
D13: 45825 | E13: =H13-H14 -> 0.00027486473 | F13: 20176 | G13: 8994 | H13: =F13/(F13+G13) -> 0.69166952 | I13: =G13/(G13+F13) -> 0.30833048 | J13: =F13-G13 -> 11182 | K13: =IF(H13>H14, "BULLISH","BEARISH") -> BULLISH
D14: 45818 | E14: =H14-H15 -> -0.037856417 | F14: 18640 | G14: 8320 | H14: =F14/(F14+G14) -> 0.69139466 | I14: =G14/(G14+F14) -> 0.30860534 | J14: =F14-G14 -> 10320 | K14: =IF(H14>H15, "BULLISH","BEARISH") -> BEARISH
D15: 45811 | E15: =H15-H16 -> -0.025303488 | F15: 17459 | G15: 6482 | H15: =F15/(F15+G15) -> 0.72925108 | I15: =G15/(G15+F15) -> 0.27074892 | J15: =F15-G15 -> 10977 | K15: =IF(H15>H16, "BULLISH","BEARISH") -> BEARISH
D16: 45804 | E16: =H16-H17 -> 0.051761713 | F16: 16567 | G16: 5389 | H16: =F16/(F16+G16) -> 0.75455456 | I16: =G16/(G16+F16) -> 0.24544544 | J16: =F16-G16 -> 11178 | K16: =IF(H16>H17, "BULLISH","BEARISH") -> BULLISH
D17: 45797 | E17: =H17-H18 -> 0.019480132 | F17: 14117 | G17: 5970 | H17: =F17/(F17+G17) -> 0.70279285 | I17: =G17/(G17+F17) -> 0.29720715 | J17: =F17-G17 -> 8147 | K17: =IF(H17>H18, "BULLISH","BEARISH") -> BULLISH
D18: 45790 | E18: =H18-H19 -> 0.03542827 | F18: 13259 | G18: 6145 | H18: =F18/(F18+G18) -> 0.68331272 | I18: =G18/(G18+F18) -> 0.31668728 | J18: =F18-G18 -> 7114 | K18: =IF(H18>H19, "BULLISH","BEARISH") -> BULLISH
D19: 45783 | E19: =H19-H20 -> 0.014846808 | F19: 12694 | G19: 6899 | H19: =F19/(F19+G19) -> 0.64788445 | I19: =G19/(G19+F19) -> 0.35211555 | J19: =F19-G19 -> 5795 | K19: =IF(H19>H20, "BULLISH","BEARISH") -> BULLISH
D20: 45776 | E20: =H20-H21 -> 0.10888055 | F20: 13202 | G20: 7653 | H20: =F20/(F20+G20) -> 0.63303764 | I20: =G20/(G20+F20) -> 0.36696236 | J20: =F20-G20 -> 5549 | K20: =IF(H20>H21, "BULLISH","BEARISH") -> BULLISH
D21: 45769 | E21: =H21-H22 -> 0.016899365 | F21: 9623 | G21: 8736 | H21: =F21/(F21+G21) -> 0.52415709 | I21: =G21/(G21+F21) -> 0.47584291 | J21: =F21-G21 -> 887 | K21: =IF(H21>H22, "BULLISH","BEARISH") -> BULLISH
D22: 45762 | E22: =H22-H23 -> -0.031420194 | F22: 8422 | G22: 8181 | H22: =F22/(F22+G22) -> 0.50725772 | I22: =G22/(G22+F22) -> 0.49274228 | J22: =F22-G22 -> 241 | K22: =IF(H22>H23, "BULLISH","BEARISH") -> BEARISH
... D509: 42353 | E509: =H509-H510 -> 0.693574 | F509: 40615 | G509: 17944 | H509: =F509/(F509+G509) -> 0.693574 | I509: =G509/(G509+F509) -> 0.306426 | J509: =F509-G509 -> 22671 | K509: =IF(H509>H510, "BULLISH","BEARISH") -> BULLISH

Sheet USD
D1: Date | E1: % Net Change | F1: Speculators Gross Longs | G1: Speculators Gross Shorts | H1: % Longs | I1: % Shorts | J1: Net Position | K1: Weekly Bias
D3: 45895 | E3: =H3-H11 -> -0.037851318 | F3: 13158 | G3: 19263 | H3: =F3/(F3+G3) -> 0.40584806 | I3: =G3/(G3+F3) -> 0.59415194 | J3: =F3-G3 -> -6105 | K3: =IF(H3>H4, "BULLISH","BEARISH") -> BULLISH
D4: 45888 | E4: =H4-H12 -> -0.011752741 | F4: 11359 | G4: 17347 | H4: =F4/(F4+G4) -> 0.39570125 | I4: =G4/(G4+F4) -> 0.60429875 | J4: =F4-G4 -> -5988 | K4: =IF(H4>H5, "BULLISH","BEARISH") -> BEARISH
D5: 45881 | E5: =H5-H12 -> -0.0059715717 | F5: 12729 | G5: 18976 | H5: =F5/(F5+G5) -> 0.40148242 | I5: =G5/(G5+F5) -> 0.59851758 | J5: =F5-G5 -> -6247 | K5: =IF(H5>H6, "BULLISH","BEARISH") -> BULLISH
D6: 45874 | E6: =H6-H12 -> -0.025296284 | F6: 11399 | G6: 18429 | H6: =F6/(F6+G6) -> 0.3821577 | I6: =G6/(G6+F6) -> 0.6178423 | J6: =F6-G6 -> -7030 | K6: =IF(H6>H7, "BULLISH","BEARISH") -> BEARISH
D7: 45867 | E7: =H7-H12 -> 0.027762373 | F7: 13960 | G7: 18116 | H7: =F7/(F7+G7) -> 0.43521636 | I7: =G7/(G7+F7) -> 0.56478364 | J7: =F7-G7 -> -4156 | K7: =IF(H7>H8, "BULLISH","BEARISH") -> BEARISH
D8: 45860 | E8: =H8-H12 -> 0.046287199 | F8: 16925 | G8: 20376 | H8: =F8/(F8+G8) -> 0.45374119 | I8: =G8/(G8+F8) -> 0.54625881 | J8: =F8-G8 -> -3451 | K8: =IF(H8>H9, "BULLISH","BEARISH") -> BULLISH
D9: 45853 | E9: =H9-H12 -> 0.041909078 | F9: 16262 | G9: 19927 | H9: =F9/(F9+G9) -> 0.44936307 | I9: =G9/(G9+F9) -> 0.55063693 | J9: =F9-G9 -> -3665 | K9: =IF(H9>H10, "BULLISH","BEARISH") -> BULLISH
D10: 45846 | E10: =H10-H12 -> 0.037796273 | F10: 16208 | G10: 20194 | H10: =F10/(F10+G10) -> 0.44525026 | I10: =G10/(G10+F10) -> 0.55474974 | J10: =F10-G10 -> -3986 | K10: =IF(H10>H11, "BULLISH","BEARISH") -> BULLISH
D11: 45839 | E11: =H11-H12 -> 0.036245392 | F11: 16873 | G11: 21155 | H11: =F11/(F11+G11) -> 0.44369938 | I11: =G11/(G11+F11) -> 0.55630062 | J11: =F11-G11 -> -4282 | K11: =IF(H11>H12, "BULLISH","BEARISH") -> BULLISH
D12: 45832 | E12: =H12-H13 -> -0.042066388 | F12: 13283 | G12: 19317 | H12: =F12/(F12+G12) -> 0.40745399 | I12: =G12/(G12+F12) -> 0.59254601 | J12: =F12-G12 -> -6034 | K12: =IF(H12>H13, "BULLISH","BEARISH") -> BEARISH
D13: 45825 | E13: =H13-H14 -> -0.071948447 | F13: 13215 | G13: 16183 | H13: =F13/(F13+G13) -> 0.44952038 | I13: =G13/(G13+F13) -> 0.55047962 | J13: =F13-G13 -> -2968 | K13: =IF(H13>H14, "BULLISH","BEARISH") -> BEARISH
D14: 45818 | E14: =H14-H15 -> 0.011478214 | F14: 17027 | G14: 15625 | H14: =F14/(F14+G14) -> 0.52146882 | I14: =G14/(G14+F14) -> 0.47853118 | J14: =F14-G14 -> 1402 | K14: =IF(H14>H15, "BULLISH","BEARISH") -> BULLISH
D15: 45811 | E15: =H15-H16 -> 0.011155983 | F15: 15748 | G15: 15131 | H15: =F15/(F15+G15) -> 0.50999061 | I15: =G15/(G15+F15) -> 0.49000939 | J15: =F15-G15 -> 617 | K15: =IF(H15>H16, "BULLISH","BEARISH") -> BULLISH
D16: 45804 | E16: =H16-H17 -> 0.0064791144 | F16: 18406 | G16: 18492 | H16: =F16/(F16+G16) -> 0.49883463 | I16: =G16/(G16+F16) -> 0.50116537 | J16: =F16-G16 -> -86 | K16: =IF(H16>H17, "BULLISH","BEARISH") -> BULLISH
D17: 45797 | E17: =H17-H18 -> 0.0020579687 | F17: 17583 | G17: 18129 | H17: =F17/(F17+G17) -> 0.49235551 | I17: =G17/(G17+F17) -> 0.50764449 | J17: =F17-G17 -> -546 | K17: =IF(H17>H18, "BULLISH","BEARISH") -> BULLISH
D18: 45790 | E18: =H18-H19 -> 0.0030010504 | F18: 15539 | G18: 16154 | H18: =F18/(F18+G18) -> 0.49029754 | I18: =G18/(G18+F18) -> 0.50970246 | J18: =F18-G18 -> -615 | K18: =IF(H18>H19, "BULLISH","BEARISH") -> BULLISH
D19: 45783 | E19: =H19-H20 -> -0.006892715 | F19: 21251 | G19: 22359 | H19: =F19/(F19+G19) -> 0.48729649 | I19: =G19/(G19+F19) -> 0.51270351 | J19: =F19-G19 -> -1108 | K19: =IF(H19>H20, "BULLISH","BEARISH") -> BEARISH
D20: 45776 | E20: =H20-H21 -> 0.0068827374 | F20: 19093 | G20: 19542 | H20: =F20/(F20+G20) -> 0.49418921 | I20: =G20/(G20+F20) -> 0.50581079 | J20: =F20-G20 -> -449 | K20: =IF(H20>H21, "BULLISH","BEARISH") -> BULLISH
D21: 45769 | E21: =H21-H22 -> -0.043555227 | F21: 18696 | G21: 19670 | H21: =F21/(F21+G21) -> 0.48730647 | I21: =G21/(G21+F21) -> 0.51269353 | J21: =F21-G21 -> -974 | K21: =IF(H21>H22, "BULLISH","BEARISH") -> BEARISH
D22: 45762 | E22: =H22-H23 -> -0.021043082 | F22: 15722 | G22: 13894 | H22: =F22/(F22+G22) -> 0.5308617 | I22: =G22/(G22+F22) -> 0.4691383 | J22: =F22-G22 -> 1828 | K22: =IF(H22>H23, "BULLISH","BEARISH") -> BEARISH
... D509: 42353 | E509: =H509-H510 -> 0.76745231 | F509: 52945 | G509: 16043 | H509: =F509/(F509+G509) -> 0.76745231 | I509: =G509/(G509+F509) -> 0.23254769 | J509: =F509-G509 -> 36902 | K509: =IF(H509>H510, "BULLISH","BEARISH") -> BULLISH

Sheet GOLD
D1: Date | E1: % Net Change | F1: Speculators Gross Longs | G1: Speculators Gross Shorts | H1: % Longs | I1: % Shorts | J1: Net Position | K1: Weekly Bias
D3: 45895 | E3: =H3-H11 -> -0.00255784 | F3: 275767 | G3: 61456 | H3: =F3/(F3+G3) -> 0.81775858 | I3: =G3/(G3+F3) -> 0.18224142 | J3: =F3-G3 -> 214311 | K3: =IF(H3>H4, "BULLISH","BEARISH") -> BULLISH
D4: 45888 | E4: =H4-H12 -> 0.0070839326 | F4: 275277 | G4: 62687 | H4: =F4/(F4+G4) -> 0.81451575 | I4: =G4/(G4+F4) -> 0.18548425 | J4: =F4-G4 -> 212590 | K4: =IF(H4>H5, "BULLISH","BEARISH") -> BEARISH
D5: 45881 | E5: =H5-H12 -> 0.023481393 | F5: 288115 | G5: 58630 | H5: =F5/(F5+G5) -> 0.83091321 | I5: =G5/(G5+F5) -> 0.16908679 | J5: =F5-G5 -> 229485 | K5: =IF(H5>H6, "BULLISH","BEARISH") -> BEARISH
D6: 45874 | E6: =H6-H12 -> 0.033806403 | F6: 292194 | G6: 55144 | H6: =F6/(F6+G6) -> 0.84123822 | I6: =G6/(G6+F6) -> 0.15876178 | J6: =F6-G6 -> 237050 | K6: =IF(H6>H7, "BULLISH","BEARISH") -> BULLISH
D7: 45867 | E7: =H7-H12 -> 0.022466735 | F7: 281241 | G7: 57645 | H7: =F7/(F7+G7) -> 0.82989855 | I7: =G7/(G7+F7) -> 0.17010145 | J7: =F7-G7 -> 223596 | K7: =IF(H7>H8, "BULLISH","BEARISH") -> BEARISH
D8: 45860 | E8: =H8-H12 -> 0.033718485 | F8: 311949 | G8: 58911 | H8: =F8/(F8+G8) -> 0.8411503 | I8: =G8/(G8+F8) -> 0.1588497 | J8: =F8-G8 -> 253038 | K8: =IF(H8>H9, "BULLISH","BEARISH") -> BULLISH
D9: 45853 | E9: =H9-H12 -> 0.018094627 | F9: 270227 | G9: 57112 | H9: =F9/(F9+G9) -> 0.82552644 | I9: =G9/(G9+F9) -> 0.17447356 | J9: =F9-G9 -> 213115 | K9: =IF(H9>H10, "BULLISH","BEARISH") -> BULLISH
D10: 45846 | E10: =H10-H12 -> 0.0093077813 | F10: 261685 | G10: 58717 | H10: =F10/(F10+G10) -> 0.8167396 | I10: =G10/(G10+F10) -> 0.1832604 | J10: =F10-G10 -> 202968 | K10: =IF(H10>H11, "BULLISH","BEARISH") -> BEARISH
D11: 45839 | E11: =H11-H12 -> 0.012884601 | F11: 258631 | G11: 56651 | H11: =F11/(F11+G11) -> 0.82031642 | I11: =G11/(G11+F11) -> 0.17968358 | J11: =F11-G11 -> 201980 | K11: =IF(H11>H12, "BULLISH","BEARISH") -> BULLISH
D12: 45832 | E12: =H12-H13 -> -0.005568148 | F12: 256077 | G12: 61073 | H12: =F12/(F12+G12) -> 0.80743181 | I12: =G12/(G12+F12) -> 0.19256819 | J12: =F12-G12 -> 195004 | K12: =IF(H12>H13, "BULLISH","BEARISH") -> BEARISH
D13: 45825 | E13: =H13-H14 -> 0.0051584866 | F13: 260586 | G13: 59938 | H13: =F13/(F13+G13) -> 0.81299996 | I13: =G13/(G13+F13) -> 0.18700004 | J13: =F13-G13 -> 200648 | K13: =IF(H13>H14, "BULLISH","BEARISH") -> BULLISH
D14: 45818 | E14: =H14-H15 -> 0.00086635024 | F14: 245995 | G14: 58514 | H14: =F14/(F14+G14) -> 0.80784148 | I14: =G14/(G14+F14) -> 0.19215852 | J14: =F14-G14 -> 187481 | K14: =IF(H14>H15, "BULLISH","BEARISH") -> BULLISH
D15: 45811 | E15: =H15-H16 -> 0.010733757 | F15: 246982 | G15: 59077 | H15: =F15/(F15+G15) -> 0.80697513 | I15: =G15/(G15+F15) -> 0.19302487 | J15: =F15-G15 -> 187905 | K15: =IF(H15>H16, "BULLISH","BEARISH") -> BULLISH
D16: 45804 | E16: =H16-H17 -> 0.033571695 | F16: 234087 | G16: 59903 | H16: =F16/(F16+G16) -> 0.79624137 | I16: =G16/(G16+F16) -> 0.20375863 | J16: =F16-G16 -> 174184 | K16: =IF(H16>H17, "BULLISH","BEARISH") -> BULLISH
D17: 45797 | E17: =H17-H18 -> 0.00692283 | F17: 238062 | G17: 74081 | H17: =F17/(F17+G17) -> 0.76266967 | I17: =G17/(G17+F17) -> 0.23733033 | J17: =F17-G17 -> 163981 | K17: =IF(H17>H18, "BULLISH","BEARISH") -> BULLISH
D18: 45790 | E18: =H18-H19 -> -0.0043374091 | F18: 238191 | G18: 76982 | H18: =F18/(F18+G18) -> 0.75574684 | I18: =G18/(G18+F18) -> 0.24425316 | J18: =F18-G18 -> 161209 | K18: =IF(H18>H19, "BULLISH","BEARISH") -> BEARISH
D19: 45783 | E19: =H19-H20 -> 0.0028386978 | F19: 237445 | G19: 74948 | H19: =F19/(F19+G19) -> 0.76008425 | I19: =G19/(G19+F19) -> 0.23991575 | J19: =F19-G19 -> 162497 | K19: =IF(H19>H20, "BULLISH","BEARISH") -> BULLISH
D20: 45776 | E20: =H20-H21 -> 0.0011549746 | F20: 240377 | G20: 77059 | H20: =F20/(F20+G20) -> 0.75724556 | I20: =G20/(G20+F20) -> 0.24275444 | J20: =F20-G20 -> 163318 | K20: =IF(H20>H21, "BULLISH","BEARISH") -> BULLISH
D21: 45769 | E21: =H21-H22 -> -0.040227751 | F21: 258896 | G21: 83518 | H21: =F21/(F21+G21) -> 0.75609058 | I21: =G21/(G21+F21) -> 0.24390942 | J21: =F21-G21 -> 175378 | K21: =IF(H21>H22, "BULLISH","BEARISH") -> BEARISH
D22: 45762 | E22: =H22-H23 -> 0.00023571194 | F22: 271707 | G22: 69497 | H22: =F22/(F22+G22) -> 0.79631833 | I22: =G22/(G22+F22) -> 0.20368167 | J22: =F22-G22 -> 202210 | K22: =IF(H22>H23, "BULLISH","BEARISH") -> BULLISH
... D509: 42353 | E509: =H509-H510 -> 0.52289646 | F509: 155934 | G509: 142278 | H509: =F509/(F509+G509) -> 0.52289646 | I509: =G509/(G509+F509) -> 0.47710354 | J509: =F509-G509 -> 13656 | K509: =IF(H509>H510, "BULLISH","BEARISH") -> BULLISH

Sheet AUD
D1: Date | E1: % Net Change | F1: Speculators Gross Longs | G1: Speculators Gross Shorts | H1: % Longs | I1: % Shorts | J1: Net Position | K1: Weekly Bias
D3: 45895 | E3: =H3-H11 -> -0.029116405 | F3: 28700 | G3: 129290 | H3: =F3/(F3+G3) -> 0.18165707 | I3: =G3/(G3+F3) -> 0.81834293 | J3: =F3-G3 -> -100590 | K3: =IF(H3>H4, "BULLISH","BEARISH") -> BEARISH
D4: 45888 | E4: =H4-H12 -> 0.0048766007 | F4: 31668 | G4: 126555 | H4: =F4/(F4+G4) -> 0.20014789 | I4: =G4/(G4+F4) -> 0.79985211 | J4: =F4-G4 -> -94887 | K4: =IF(H4>H5, "BULLISH","BEARISH") -> BULLISH
D5: 45881 | E5: =H5-H12 -> -0.011096883 | F5: 25631 | G5: 113536 | H5: =F5/(F5+G5) -> 0.18417441 | I5: =G5/(G5+F5) -> 0.81582559 | J5: =F5-G5 -> -87905 | K5: =IF(H5>H6, "BULLISH","BEARISH") -> BULLISH
D6: 45874 | E6: =H6-H12 -> -0.012902967 | F6: 23988 | G6: 107548 | H6: =F6/(F6+G6) -> 0.18236833 | I6: =G6/(G6+F6) -> 0.81763167 | J6: =F6-G6 -> -83560 | K6: =IF(H6>H7, "BULLISH","BEARISH") -> BEARISH
D7: 45867 | E7: =H7-H12 -> 0.0069009963 | F7: 26506 | G7: 104600 | H7: =F7/(F7+G7) -> 0.20217229 | I7: =G7/(G7+F7) -> 0.79782771 | J7: =F7-G7 -> -78094 | K7: =IF(H7>H8, "BULLISH","BEARISH") -> BULLISH
D8: 45860 | E8: =H8-H12 -> -0.0044913821 | F8: 25066 | G8: 106321 | H8: =F8/(F8+G8) -> 0.19077991 | I8: =G8/(G8+F8) -> 0.80922009 | J8: =F8-G8 -> -81255 | K8: =IF(H8>H9, "BULLISH","BEARISH") -> BULLISH
D9: 45853 | E9: =H9-H12 -> -0.014387874 | F9: 21233 | G9: 96152 | H9: =F9/(F9+G9) -> 0.18088342 | I9: =G9/(G9+F9) -> 0.81911658 | J9: =F9-G9 -> -74919 | K9: =IF(H9>H10, "BULLISH","BEARISH") -> BEARISH
D10: 45846 | E10: =H10-H12 -> -0.0027147378 | F10: 23272 | G10: 97586 | H10: =F10/(F10+G10) -> 0.19255655 | I10: =G10/(G10+F10) -> 0.80744345 | J10: =F10-G10 -> -74314 | K10: =IF(H10>H11, "BULLISH","BEARISH") -> BEARISH
D11: 45839 | E11: =H11-H12 -> 0.01550218 | F11: 25539 | G11: 95629 | H11: =F11/(F11+G11) -> 0.21077347 | I11: =G11/(G11+F11) -> 0.78922653 | J11: =F11-G11 -> -70090 | K11: =IF(H11>H12, "BULLISH","BEARISH") -> BULLISH
D12: 45832 | E12: =H12-H13 -> 0.0056633188 | F12: 23249 | G12: 95811 | H12: =F12/(F12+G12) -> 0.19527129 | I12: =G12/(G12+F12) -> 0.80472871 | J12: =F12-G12 -> -72562 | K12: =IF(H12>H13, "BULLISH","BEARISH") -> BULLISH
D13: 45825 | E13: =H13-H14 -> -0.013863342 | F13: 21194 | G13: 90584 | H13: =F13/(F13+G13) -> 0.18960797 | I13: =G13/(G13+F13) -> 0.81039203 | J13: =F13-G13 -> -69390 | K13: =IF(H13>H14, "BULLISH","BEARISH") -> BEARISH
D14: 45818 | E14: =H14-H15 -> -0.012284853 | F14: 23997 | G14: 93941 | H14: =F14/(F14+G14) -> 0.20347132 | I14: =G14/(G14+F14) -> 0.79652868 | J14: =F14-G14 -> -69944 | K14: =IF(H14>H15, "BULLISH","BEARISH") -> BEARISH
D15: 45811 | E15: =H15-H16 -> 0.0089772871 | F15: 23969 | G15: 87124 | H15: =F15/(F15+G15) -> 0.21575617 | I15: =G15/(G15+F15) -> 0.78424383 | J15: =F15-G15 -> -63155 | K15: =IF(H15>H16, "BULLISH","BEARISH") -> BULLISH
D16: 45804 | E16: =H16-H17 -> -0.00096616933 | F16: 21572 | G16: 82752 | H16: =F16/(F16+G16) -> 0.20677888 | I16: =G16/(G16+F16) -> 0.79322112 | J16: =F16-G16 -> -61180 | K16: =IF(H16>H17, "BULLISH","BEARISH") -> BEARISH
D17: 45797 | E17: =H17-H18 -> -0.046409991 | F17: 20997 | G17: 80074 | H17: =F17/(F17+G17) -> 0.20774505 | I17: =G17/(G17+F17) -> 0.79225495 | J17: =F17-G17 -> -59077 | K17: =IF(H17>H18, "BULLISH","BEARISH") -> BEARISH
D18: 45790 | E18: =H18-H19 -> -0.0060424636 | F18: 25507 | G18: 74853 | H18: =F18/(F18+G18) -> 0.25415504 | I18: =G18/(G18+F18) -> 0.74584496 | J18: =F18-G18 -> -49346 | K18: =IF(H18>H19, "BULLISH","BEARISH") -> BEARISH
D19: 45783 | E19: =H19-H20 -> 0.002293737 | F19: 26243 | G19: 74615 | H19: =F19/(F19+G19) -> 0.26019751 | I19: =G19/(G19+F19) -> 0.73980249 | J19: =F19-G19 -> -48372 | K19: =IF(H19>H20, "BULLISH","BEARISH") -> BULLISH
D20: 45776 | E20: =H20-H21 -> 0.0084362107 | F20: 26602 | G20: 76545 | H20: =F20/(F20+G20) -> 0.25790377 | I20: =G20/(G20+F20) -> 0.74209623 | J20: =F20-G20 -> -49943 | K20: =IF(H20>H21, "BULLISH","BEARISH") -> BULLISH
D21: 45769 | E21: =H21-H22 -> 0.048710907 | F21: 27175 | G21: 81757 | H21: =F21/(F21+G21) -> 0.24946756 | I21: =G21/(G21+F21) -> 0.75053244 | J21: =F21-G21 -> -54582 | K21: =IF(H21>H22, "BULLISH","BEARISH") -> BULLISH
D22: 45762 | E22: =H22-H23 -> -0.036120458 | F22: 19740 | G22: 78588 | H22: =F22/(F22+G22) -> 0.20075665 | I22: =G22/(G22+F22) -> 0.79924335 | J22: =F22-G22 -> -58848 | K22: =IF(H22>H23, "BULLISH","BEARISH") -> BEARISH
... D509: 42353 | E509: =H509-H510 -> 0.46110565 | F509: 61956 | G509: 72408 | H509: =F509/(F509+G509) -> 0.46110565 | I509: =G509/(G509+F509) -> 0.53889435 | J509: =F509-G509 -> -10452 | K509: =IF(H509>H510, "BULLISH","BEARISH") -> BULLISH

Sheet CHF
D1: Date | E1: % Net Change | F1: Speculators Gross Longs | G1: Speculators Gross Shorts | H1: % Longs | I1: % Shorts | J1: Net Position | K1: Weekly Bias
D3: 45895 | E3: =H3-H11 -> -0.021329738 | F3: 6659 | G3: 33637 | H3: =F3/(F3+G3) -> 0.16525213 | I3: =G3/(G3+F3) -> 0.83474787 | J3: =F3-G3 -> -26978 | K3: =IF(H3>H4, "BULLISH","BEARISH") -> BULLISH
D4: 45888 | E4: =H4-H12 -> -0.058651992 | F4: 6459 | G4: 33737 | H4: =F4/(F4+G4) -> 0.16068763 | I4: =G4/(G4+F4) -> 0.83931237 | J4: =F4-G4 -> -27278 | K4: =IF(H4>H5, "BULLISH","BEARISH") -> BULLISH
D5: 45881 | E5: =H5-H12 -> -0.067916378 | F5: 6091 | G5: 34134 | H5: =F5/(F5+G5) -> 0.15142324 | I5: =G5/(G5+F5) -> 0.84857676 | J5: =F5-G5 -> -28043 | K5: =IF(H5>H6, "BULLISH","BEARISH") -> BEARISH
D6: 45874 | E6: =H6-H12 -> -0.053295074 | F6: 6806 | G6: 34183 | H6: =F6/(F6+G6) -> 0.16604455 | I6: =G6/(G6+F6) -> 0.83395545 | J6: =F6-G6 -> -27377 | K6: =IF(H6>H7, "BULLISH","BEARISH") -> BEARISH
D7: 45867 | E7: =H7-H12 -> -0.0049147177 | F7: 9023 | G7: 33057 | H7: =F7/(F7+G7) -> 0.2144249 | I7: =G7/(G7+F7) -> 0.7855751 | J7: =F7-G7 -> -24034 | K7: =IF(H7>H8, "BULLISH","BEARISH") -> BULLISH
D8: 45860 | E8: =H8-H12 -> -0.027881492 | F8: 8087 | G8: 34152 | H8: =F8/(F8+G8) -> 0.19145813 | I8: =G8/(G8+F8) -> 0.80854187 | J8: =F8-G8 -> -26065 | K8: =IF(H8>H9, "BULLISH","BEARISH") -> BEARISH
D9: 45853 | E9: =H9-H12 -> 0.014686931 | F9: 9959 | G9: 32596 | H9: =F9/(F9+G9) -> 0.23402655 | I9: =G9/(G9+F9) -> 0.76597345 | J9: =F9-G9 -> -22637 | K9: =IF(H9>H10, "BULLISH","BEARISH") -> BULLISH
D10: 45846 | E10: =H10-H12 -> -0.0026542351 | F10: 8488 | G10: 30684 | H10: =F10/(F10+G10) -> 0.21668539 | I10: =G10/(G10+F10) -> 0.78331461 | J10: =F10-G10 -> -22196 | K10: =IF(H10>H11, "BULLISH","BEARISH") -> BULLISH
D11: 45839 | E11: =H11-H12 -> -0.03275775 | F11: 7100 | G11: 30953 | H11: =F11/(F11+G11) -> 0.18658187 | I11: =G11/(G11+F11) -> 0.81341813 | J11: =F11-G11 -> -23853 | K11: =IF(H11>H12, "BULLISH","BEARISH") -> BEARISH
D12: 45832 | E12: =H12-H13 -> -0.00031371815 | F12: 8184 | G12: 29128 | H12: =F12/(F12+G12) -> 0.21933962 | I12: =G12/(G12+F12) -> 0.78066038 | J12: =F12-G12 -> -20944 | K12: =IF(H12>H13, "BULLISH","BEARISH") -> BEARISH
D13: 45825 | E13: =H13-H14 -> -0.012811186 | F13: 7857 | G13: 27913 | H13: =F13/(F13+G13) -> 0.21965334 | I13: =G13/(G13+F13) -> 0.78034666 | J13: =F13-G13 -> -20056 | K13: =IF(H13>H14, "BULLISH","BEARISH") -> BEARISH
D14: 45818 | E14: =H14-H15 -> 0.055415265 | F14: 9240 | G14: 30508 | H14: =F14/(F14+G14) -> 0.23246453 | I14: =G14/(G14+F14) -> 0.76753547 | J14: =F14-G14 -> -21268 | K14: =IF(H14>H15, "BULLISH","BEARISH") -> BULLISH
D15: 45811 | E15: =H15-H16 -> 0.020847324 | F15: 7145 | G15: 33211 | H15: =F15/(F15+G15) -> 0.17704926 | I15: =G15/(G15+F15) -> 0.82295074 | J15: =F15-G15 -> -26066 | K15: =IF(H15>H16, "BULLISH","BEARISH") -> BULLISH
D16: 45804 | E16: =H16-H17 -> -0.039334944 | F16: 5789 | G16: 31272 | H16: =F16/(F16+G16) -> 0.15620194 | I16: =G16/(G16+F16) -> 0.84379806 | J16: =F16-G16 -> -25483 | K16: =IF(H16>H17, "BULLISH","BEARISH") -> BEARISH
D17: 45797 | E17: =H17-H18 -> -0.00056376456 | F17: 7632 | G17: 31399 | H17: =F17/(F17+G17) -> 0.19553688 | I17: =G17/(G17+F17) -> 0.80446312 | J17: =F17-G17 -> -23767 | K17: =IF(H17>H18, "BULLISH","BEARISH") -> BEARISH
D18: 45790 | E18: =H18-H19 -> 0.035881562 | F18: 7443 | G18: 30512 | H18: =F18/(F18+G18) -> 0.19610065 | I18: =G18/(G18+F18) -> 0.80389935 | J18: =F18-G18 -> -23069 | K18: =IF(H18>H19, "BULLISH","BEARISH") -> BULLISH
D19: 45783 | E19: =H19-H20 -> 0.0031721413 | F19: 5558 | G19: 29132 | H19: =F19/(F19+G19) -> 0.16021908 | I19: =G19/(G19+F19) -> 0.83978092 | J19: =F19-G19 -> -23574 | K19: =IF(H19>H20, "BULLISH","BEARISH") -> BULLISH
D20: 45776 | E20: =H20-H21 -> 0.0096965904 | F20: 5567 | G20: 29881 | H20: =F20/(F20+G20) -> 0.15704694 | I20: =G20/(G20+F20) -> 0.84295306 | J20: =F20-G20 -> -24314 | K20: =IF(H20>H21, "BULLISH","BEARISH") -> BULLISH
D21: 45769 | E21: =H21-H22 -> 0.012463779 | F21: 5322 | G21: 30796 | H21: =F21/(F21+G21) -> 0.14735035 | I21: =G21/(G21+F21) -> 0.85264965 | J21: =F21-G21 -> -25474 | K21: =IF(H21>H22, "BULLISH","BEARISH") -> BULLISH
D22: 45762 | E22: =H22-H23 -> 0.023322156 | F22: 5280 | G22: 33864 | H22: =F22/(F22+G22) -> 0.13488657 | I22: =G22/(G22+F22) -> 0.86511343 | J22: =F22-G22 -> -28584 | K22: =IF(H22>H23, "BULLISH","BEARISH") -> BULLISH
... D509: 42353 | E509: =H509-H510 -> 0.51697437 | F509: 29710 | G509: 27759 | H509: =F509/(F509+G509) -> 0.51697437 | I509: =G509/(G509+F509) -> 0.48302563 | J509: =F509-G509 -> 1951 | K509: =IF(H509>H510, "BULLISH","BEARISH") -> BULLISH

Sheet JPY
D1: Date | E1: % Net Change | F1: Speculators Gross Longs | G1: Speculators Gross Shorts | H1: % Longs | I1: % Shorts | J1: Net Position | K1: Weekly Bias
D3: 45895 | E3: =H3-H11 -> -0.13330752 | F3: 170765 | G3: 86281 | H3: =F3/(F3+G3) -> 0.66433634 | I3: =G3/(G3+F3) -> 0.33566366 | J3: =F3-G3 -> 84484 | K3: =IF(H3>H4, "BULLISH","BEARISH") -> BULLISH
D4: 45888 | E4: =H4-H12 -> -0.14487904 | F4: 168363 | G4: 90782 | H4: =F4/(F4+G4) -> 0.64968647 | I4: =G4/(G4+F4) -> 0.35031353 | J4: =F4-G4 -> 77581 | K4: =IF(H4>H5, "BULLISH","BEARISH") -> BULLISH
D5: 45881 | E5: =H5-H12 -> -0.14909536 | F5: 164693 | G5: 90459 | H5: =F5/(F5+G5) -> 0.64547015 | I5: =G5/(G5+F5) -> 0.35452985 | J5: =F5-G5 -> 74234 | K5: =IF(H5>H6, "BULLISH","BEARISH") -> BEARISH
D6: 45874 | E6: =H6-H12 -> -0.12265239 | F6: 160258 | G6: 78252 | H6: =F6/(F6+G6) -> 0.67191313 | I6: =G6/(G6+F6) -> 0.32808687 | J6: =F6-G6 -> 82006 | K6: =IF(H6>H7, "BULLISH","BEARISH") -> BEARISH
D7: 45867 | E7: =H7-H12 -> -0.1046876 | F7: 162122 | G7: 72879 | H7: =F7/(F7+G7) -> 0.68987792 | I7: =G7/(G7+F7) -> 0.31012208 | J7: =F7-G7 -> 89243 | K7: =IF(H7>H8, "BULLISH","BEARISH") -> BEARISH
D8: 45860 | E8: =H8-H12 -> -0.054916969 | F8: 164111 | G8: 57766 | H8: =F8/(F8+G8) -> 0.73964854 | I8: =G8/(G8+F8) -> 0.26035146 | J8: =F8-G8 -> 106345 | K8: =IF(H8>H9, "BULLISH","BEARISH") -> BULLISH
D9: 45853 | E9: =H9-H12 -> -0.06671847 | F9: 165444 | G9: 61862 | H9: =F9/(F9+G9) -> 0.72784704 | I9: =G9/(G9+F9) -> 0.27215296 | J9: =F9-G9 -> 103582 | K9: =IF(H9>H10, "BULLISH","BEARISH") -> BEARISH
D10: 45846 | E10: =H10-H12 -> -0.025972956 | F10: 166192 | G10: 50037 | H10: =F10/(F10+G10) -> 0.76859256 | I10: =G10/(G10+F10) -> 0.23140744 | J10: =F10-G10 -> 116155 | K10: =IF(H10>H11, "BULLISH","BEARISH") -> BEARISH
D11: 45839 | E11: =H11-H12 -> 0.0030783562 | F11: 170624 | G11: 43286 | H11: =F11/(F11+G11) -> 0.79764387 | I11: =G11/(G11+F11) -> 0.20235613 | J11: =F11-G11 -> 127338 | K11: =IF(H11>H12, "BULLISH","BEARISH") -> BULLISH
D12: 45832 | E12: =H12-H13 -> -0.0024434513 | F12: 178403 | G12: 46126 | H12: =F12/(F12+G12) -> 0.79456551 | I12: =G12/(G12+F12) -> 0.20543449 | J12: =F12-G12 -> 132277 | K12: =IF(H12>H13, "BULLISH","BEARISH") -> BEARISH
D13: 45825 | E13: =H13-H14 -> -0.026043383 | F13: 175601 | G13: 44724 | H13: =F13/(F13+G13) -> 0.79700896 | I13: =G13/(G13+F13) -> 0.20299104 | J13: =F13-G13 -> 130877 | K13: =IF(H13>H14, "BULLISH","BEARISH") -> BEARISH
D14: 45818 | E14: =H14-H15 -> -0.0085907618 | F14: 184195 | G14: 39600 | H14: =F14/(F14+G14) -> 0.82305235 | I14: =G14/(G14+F14) -> 0.17694765 | J14: =F14-G14 -> 144595 | K14: =IF(H14>H15, "BULLISH","BEARISH") -> BEARISH
D15: 45811 | E15: =H15-H16 -> -0.041804011 | F15: 189514 | G15: 38365 | H15: =F15/(F15+G15) -> 0.83164311 | I15: =G15/(G15+F15) -> 0.16835689 | J15: =F15-G15 -> 151149 | K15: =IF(H15>H16, "BULLISH","BEARISH") -> BEARISH
D16: 45804 | E16: =H16-H17 -> -0.0039492442 | F16: 191802 | G16: 27790 | H16: =F16/(F16+G16) -> 0.87344712 | I16: =G16/(G16+F16) -> 0.12655288 | J16: =F16-G16 -> 164012 | K16: =IF(H16>H17, "BULLISH","BEARISH") -> BEARISH
D17: 45797 | E17: =H17-H18 -> -0.021032752 | F17: 194510 | G17: 27180 | H17: =F17/(F17+G17) -> 0.87739636 | I17: =G17/(G17+F17) -> 0.12260364 | J17: =F17-G17 -> 167330 | K17: =IF(H17>H18, "BULLISH","BEARISH") -> BEARISH
D18: 45790 | E18: =H18-H19 -> 0.01587743 | F18: 194226 | G18: 21958 | H18: =F18/(F18+G18) -> 0.89842912 | I18: =G18/(G18+F18) -> 0.10157088 | J18: =F18-G18 -> 172268 | K18: =IF(H18>H19, "BULLISH","BEARISH") -> BULLISH
D19: 45783 | E19: =H19-H20 -> -0.013266003 | F19: 204008 | G19: 27149 | H19: =F19/(F19+G19) -> 0.88255169 | I19: =G19/(G19+F19) -> 0.11744831 | J19: =F19-G19 -> 176859 | K19: =IF(H19>H20, "BULLISH","BEARISH") -> BEARISH
D20: 45776 | E20: =H20-H21 -> 0.0040395349 | F20: 202797 | G20: 23585 | H20: =F20/(F20+G20) -> 0.89581769 | I20: =G20/(G20+F20) -> 0.10418231 | J20: =F20-G20 -> 179212 | K20: =IF(H20>H21, "BULLISH","BEARISH") -> BULLISH
D21: 45769 | E21: =H21-H22 -> 0.010327418 | F21: 202373 | G21: 24559 | H21: =F21/(F21+G21) -> 0.89177815 | I21: =G21/(G21+F21) -> 0.10822185 | J21: =F21-G21 -> 177814 | K21: =IF(H21>H22, "BULLISH","BEARISH") -> BULLISH
D22: 45762 | E22: =H22-H23 -> 0.024566493 | F22: 198560 | G22: 26705 | H22: =F22/(F22+G22) -> 0.88145074 | I22: =G22/(G22+F22) -> 0.11854926 | J22: =F22-G22 -> 171855 | K22: =IF(H22>H23, "BULLISH","BEARISH") -> BULLISH
... D509: 42353 | E509: =H509-H510 -> 0.36865253 | F509: 37301 | G509: 63881 | H509: =F509/(F509+G509) -> 0.36865253 | I509: =G509/(G509+F509) -> 0.63134747 | J509: =F509-G509 -> -26580 | K509: =IF(H509>H510, "BULLISH","BEARISH") -> BULLISH

Sheet GBP
D1: Date | E1: % Net Change | F1: Speculators Gross Longs | G1: Speculators Gross Shorts | H1: % Longs | I1: % Shorts | J1: Net Position | K1: Weekly Bias
D3: 45895 | E3: =H3-H11 -> -0.17133413 | F3: 76001 | G3: 107354 | H3: =F3/(F3+G3) -> 0.41450192 | I3: =G3/(G3+F3) -> 0.58549808 | J3: =F3-G3 -> -31353 | K3: =IF(H3>H4, "BULLISH","BEARISH") -> BEARISH
D4: 45888 | E4: =H4-H12 -> -0.17109341 | F4: 81303 | G4: 106488 | H4: =F4/(F4+G4) -> 0.43294407 | I4: =G4/(G4+F4) -> 0.56705593 | J4: =F4-G4 -> -25185 | K4: =IF(H4>H5, "BULLISH","BEARISH") -> BULLISH
D5: 45881 | E5: =H5-H12 -> -0.20880794 | F5: 73736 | G5: 112829 | H5: =F5/(F5+G5) -> 0.39522954 | I5: =G5/(G5+F5) -> 0.60477046 | J5: =F5-G5 -> -39093 | K5: =IF(H5>H6, "BULLISH","BEARISH") -> BEARISH
D6: 45874 | E6: =H6-H12 -> -0.20521751 | F6: 65635 | G6: 98938 | H6: =F6/(F6+G6) -> 0.39881998 | I6: =G6/(G6+F6) -> 0.60118002 | J6: =F6-G6 -> -33303 | K6: =IF(H6>H7, "BULLISH","BEARISH") -> BEARISH
D7: 45867 | E7: =H7-H12 -> -0.13609061 | F7: 87799 | G7: 99827 | H7: =F7/(F7+G7) -> 0.46794687 | I7: =G7/(G7+F7) -> 0.53205313 | J7: =F7-G7 -> -12028 | K7: =IF(H7>H8, "BULLISH","BEARISH") -> BEARISH
D8: 45860 | E8: =H8-H12 -> -0.10251301 | F8: 93760 | G8: 93190 | H8: =F8/(F8+G8) -> 0.50152447 | I8: =G8/(G8+F8) -> 0.49847553 | J8: =F8-G8 -> 570 | K8: =IF(H8>H9, "BULLISH","BEARISH") -> BEARISH
D9: 45853 | E9: =H9-H12 -> -0.019557629 | F9: 100980 | G9: 71789 | H9: =F9/(F9+G9) -> 0.58447985 | I9: =G9/(G9+F9) -> 0.41552015 | J9: =F9-G9 -> 29191 | K9: =IF(H9>H10, "BULLISH","BEARISH") -> BEARISH
D10: 45846 | E10: =H10-H12 -> -0.013266115 | F10: 108019 | G10: 74825 | H10: =F10/(F10+G10) -> 0.59077137 | I10: =G10/(G10+F10) -> 0.40922863 | J10: =F10-G10 -> 33194 | K10: =IF(H10>H11, "BULLISH","BEARISH") -> BULLISH
D11: 45839 | E11: =H11-H12 -> -0.01820143 | F11: 107150 | G11: 75751 | H11: =F11/(F11+G11) -> 0.58583605 | I11: =G11/(G11+F11) -> 0.41416395 | J11: =F11-G11 -> 31399 | K11: =IF(H11>H12, "BULLISH","BEARISH") -> BEARISH
D12: 45832 | E12: =H12-H13 -> -0.022230143 | F12: 99848 | G12: 65453 | H12: =F12/(F12+G12) -> 0.60403748 | I12: =G12/(G12+F12) -> 0.39596252 | J12: =F12-G12 -> 34395 | K12: =IF(H12>H13, "BULLISH","BEARISH") -> BEARISH
D13: 45825 | E13: =H13-H14 -> -0.025135745 | F13: 106282 | G13: 63425 | H13: =F13/(F13+G13) -> 0.62626763 | I13: =G13/(G13+F13) -> 0.37373237 | J13: =F13-G13 -> 42857 | K13: =IF(H13>H14, "BULLISH","BEARISH") -> BEARISH
D14: 45818 | E14: =H14-H15 -> 0.049110904 | F14: 111076 | G14: 59442 | H14: =F14/(F14+G14) -> 0.65140337 | I14: =G14/(G14+F14) -> 0.34859663 | J14: =F14-G14 -> 51634 | K14: =IF(H14>H15, "BULLISH","BEARISH") -> BULLISH
D15: 45811 | E15: =H15-H16 -> -0.0021301232 | F15: 103672 | G15: 68457 | H15: =F15/(F15+G15) -> 0.60229247 | I15: =G15/(G15+F15) -> 0.39770753 | J15: =F15-G15 -> 35215 | K15: =IF(H15>H16, "BULLISH","BEARISH") -> BEARISH
D16: 45804 | E16: =H16-H17 -> 0.025651127 | F16: 102391 | G16: 67012 | H16: =F16/(F16+G16) -> 0.60442259 | I16: =G16/(G16+F16) -> 0.39557741 | J16: =F16-G16 -> 35379 | K16: =IF(H16>H17, "BULLISH","BEARISH") -> BULLISH
D17: 45797 | E17: =H17-H18 -> -0.010835027 | F17: 88144 | G17: 64151 | H17: =F17/(F17+G17) -> 0.57877146 | I17: =G17/(G17+F17) -> 0.42122854 | J17: =F17-G17 -> 23993 | K17: =IF(H17>H18, "BULLISH","BEARISH") -> BEARISH
D18: 45790 | E18: =H18-H19 -> -0.0020203207 | F18: 89540 | G18: 62324 | H18: =F18/(F18+G18) -> 0.58960649 | I18: =G18/(G18+F18) -> 0.41039351 | J18: =F18-G18 -> 27216 | K18: =IF(H18>H19, "BULLISH","BEARISH") -> BEARISH
D19: 45783 | E19: =H19-H20 -> 0.015888202 | F19: 94384 | G19: 65149 | H19: =F19/(F19+G19) -> 0.59162681 | I19: =G19/(G19+F19) -> 0.40837319 | J19: =F19-G19 -> 29235 | K19: =IF(H19>H20, "BULLISH","BEARISH") -> BULLISH
D20: 45776 | E20: =H20-H21 -> 0.014593412 | F20: 91064 | G20: 67105 | H20: =F20/(F20+G20) -> 0.57573861 | I20: =G20/(G20+F20) -> 0.42426139 | J20: =F20-G20 -> 23959 | K20: =IF(H20>H21, "BULLISH","BEARISH") -> BULLISH
D21: 45769 | E21: =H21-H22 -> 0.041409831 | F21: 94021 | G21: 73531 | H21: =F21/(F21+G21) -> 0.5611452 | I21: =G21/(G21+F21) -> 0.4388548 | J21: =F21-G21 -> 20490 | K21: =IF(H21>H22, "BULLISH","BEARISH") -> BULLISH
D22: 45762 | E22: =H22-H23 -> -0.032354237 | F22: 85708 | G22: 79199 | H22: =F22/(F22+G22) -> 0.51973537 | I22: =G22/(G22+F22) -> 0.48026463 | J22: =F22-G22 -> 6509 | K22: =IF(H22>H23, "BULLISH","BEARISH") -> BEARISH
... D509: 42353 | E509: =H509-H510 -> 0.41109897 | F509: 39121 | G509: 56041 | H509: =F509/(F509+G509) -> 0.41109897 | I509: =G509/(G509+F509) -> 0.58890103 | J509: =F509-G509 -> -16920 | K509: =IF(H509>H510, "BULLISH","BEARISH") -> BULLISH

Sheet EUR
D1: Date | E1: % Net Change | F1: Speculators Gross Longs | G1: Speculators Gross Shorts | H1: % Longs | I1: % Shorts | J1: Net Position | K1: Weekly Bias | L1: =K3 -> BULLISH
D3: 45895 | E3: =H3-H11 -> -0.00077779408 | F3: 258386 | G3: 135347 | H3: =F3/(F3+G3) -> 0.65624675 | I3: =G3/(G3+F3) -> 0.34375325 | J3: =F3-G3 -> 123039 | K3: =IF(H3>H4, "BULLISH","BEARISH") -> BULLISH
D4: 45888 | E4: =H4-H12 -> -0.01162063 | F4: 252719 | G4: 133974 | H4: =F4/(F4+G4) -> 0.65353911 | I4: =G4/(G4+F4) -> 0.34646089 | J4: =F4-G4 -> 118745 | K4: =IF(H4>H5, "BULLISH","BEARISH") -> BULLISH
D5: 45881 | E5: =H5-H12 -> -0.012136016 | F5: 246299 | G5: 130868 | H5: =F5/(F5+G5) -> 0.65302373 | I5: =G5/(G5+F5) -> 0.34697627 | J5: =F5-G5 -> 115431 | K5: =IF(H5>H6, "BULLISH","BEARISH") -> BEARISH
D6: 45874 | E6: =H6-H12 -> -0.012080576 | F6: 247357 | G6: 131398 | H6: =F6/(F6+G6) -> 0.65307917 | I6: =G6/(G6+F6) -> 0.34692083 | J6: =F6-G6 -> 115959 | K6: =IF(H6>H7, "BULLISH","BEARISH") -> BEARISH
D7: 45867 | E7: =H7-H12 -> -0.00038360031 | F7: 248841 | G7: 125482 | H7: =F7/(F7+G7) -> 0.66477614 | I7: =G7/(G7+F7) -> 0.33522386 | J7: =F7-G7 -> 123359 | K7: =IF(H7>H8, "BULLISH","BEARISH") -> BEARISH
D8: 45860 | E8: =H8-H12 -> 0.0038863049 | F8: 248380 | G8: 122865 | H8: =F8/(F8+G8) -> 0.66904605 | I8: =G8/(G8+F8) -> 0.33095395 | J8: =F8-G8 -> 125515 | K8: =IF(H8>H9, "BULLISH","BEARISH") -> BEARISH
D9: 45853 | E9: =H9-H12 -> 0.014940602 | F9: 242096 | G9: 113875 | H9: =F9/(F9+G9) -> 0.68010035 | I9: =G9/(G9+F9) -> 0.31989965 | J9: =F9-G9 -> 128221 | K9: =IF(H9>H10, "BULLISH","BEARISH") -> BULLISH
D10: 45846 | E10: =H10-H12 -> 0.0015686771 | F10: 241125 | G10: 120529 | H10: =F10/(F10+G10) -> 0.66672842 | I10: =G10/(G10+F10) -> 0.33327158 | J10: =F10-G10 -> 120596 | K10: =IF(H10>H11, "BULLISH","BEARISH") -> BULLISH
D11: 45839 | E11: =H11-H12 -> -0.0081352029 | F11: 224979 | G11: 117442 | H11: =F11/(F11+G11) -> 0.65702454 | I11: =G11/(G11+F11) -> 0.34297546 | J11: =F11-G11 -> 107537 | K11: =IF(H11>H12, "BULLISH","BEARISH") -> BEARISH
D12: 45832 | E12: =H12-H13 -> 0.015847397 | F12: 223791 | G12: 112656 | H12: =F12/(F12+G12) -> 0.66515974 | I12: =G12/(G12+F12) -> 0.33484026 | J12: =F12-G12 -> 111135 | K12: =IF(H12>H13, "BULLISH","BEARISH") -> BULLISH
D13: 45825 | E13: =H13-H14 -> 0.0059689345 | F13: 220811 | G13: 119258 | H13: =F13/(F13+G13) -> 0.64931235 | I13: =G13/(G13+F13) -> 0.35068765 | J13: =F13-G13 -> 101553 | K13: =IF(H13>H14, "BULLISH","BEARISH") -> BULLISH
D14: 45818 | E14: =H14-H15 -> 0.015149562 | F14: 208754 | G14: 115729 | H14: =F14/(F14+G14) -> 0.64334341 | I14: =G14/(G14+F14) -> 0.35665659 | J14: =F14-G14 -> 93025 | K14: =IF(H14>H15, "BULLISH","BEARISH") -> BULLISH
D15: 45811 | E15: =H15-H16 -> 0.0074780053 | F15: 202786 | G15: 120022 | H15: =F15/(F15+G15) -> 0.62819385 | I15: =G15/(G15+F15) -> 0.37180615 | J15: =F15-G15 -> 82764 | K15: =IF(H15>H16, "BULLISH","BEARISH") -> BULLISH
D16: 45804 | E16: =H16-H17 -> 0.010457899 | F16: 204326 | G16: 124852 | H16: =F16/(F16+G16) -> 0.62071584 | I16: =G16/(G16+F16) -> 0.37928416 | J16: =F16-G16 -> 79474 | K16: =IF(H16>H17, "BULLISH","BEARISH") -> BULLISH
D17: 45797 | E17: =H17-H18 -> -0.016526253 | F17: 206042 | G17: 131589 | H17: =F17/(F17+G17) -> 0.61025794 | I17: =G17/(G17+F17) -> 0.38974206 | J17: =F17-G17 -> 74453 | K17: =IF(H17>H18, "BULLISH","BEARISH") -> BEARISH
D18: 45790 | E18: =H18-H19 -> 0.005697731 | F18: 209549 | G18: 124775 | H18: =F18/(F18+G18) -> 0.6267842 | I18: =G18/(G18+F18) -> 0.3732158 | J18: =F18-G18 -> 84774 | K18: =IF(H18>H19, "BULLISH","BEARISH") -> BULLISH
D19: 45783 | E19: =H19-H20 -> 0.0015249181 | F19: 194192 | G19: 118473 | H19: =F19/(F19+G19) -> 0.62108647 | I19: =G19/(G19+F19) -> 0.37891353 | J19: =F19-G19 -> 75719 | K19: =IF(H19>H20, "BULLISH","BEARISH") -> BULLISH
D20: 45776 | E20: =H20-H21 -> 0.020246375 | F20: 196388 | G20: 120591 | H20: =F20/(F20+G20) -> 0.61956155 | I20: =G20/(G20+F20) -> 0.38043845 | J20: =F20-G20 -> 75797 | K20: =IF(H20>H21, "BULLISH","BEARISH") -> BULLISH
D21: 45769 | E21: =H21-H22 -> -0.0072937163 | F21: 196205 | G21: 131177 | H21: =F21/(F21+G21) -> 0.59931517 | I21: =G21/(G21+F21) -> 0.40068483 | J21: =F21-G21 -> 65028 | K21: =IF(H21>H22, "BULLISH","BEARISH") -> BEARISH
D22: 45762 | E22: =H22-H23 -> 0.013069034 | F22: 197103 | G22: 127823 | H22: =F22/(F22+G22) -> 0.60660889 | I22: =G22/(G22+F22) -> 0.39339111 | J22: =F22-G22 -> 69280 | K22: =IF(H22>H23, "BULLISH","BEARISH") -> BULLISH
... D509: 42353 | E509: =H509-H510 -> 0.23564622 | F509: 71295 | G509: 231256 | H509: =F509/(F509+G509) -> 0.23564622 | I509: =G509/(G509+F509) -> 0.76435378 | J509: =F509-G509 -> -159961 | K509: =IF(H509>H510, "BULLISH","BEARISH") -> BULLISH
